areaCode,areaName,areaType,date,cumDeaths28DaysByDeathDate,cumVaccinationSecondDoseUptakeByPublishDatePercentage,newCasesByPublishDate,newDeaths28DaysByDeathDate
K02000001,United Kingdom,overview,2021-11-14,,80,36517,0
K02000001,United Kingdom,overview,2021-11-13,,80,38351,0
K02000001,United Kingdom,overview,2021-11-12,142881,80,40375,39
K02000001,United Kingdom,overview,2021-11-11,142842,79.9,42408,97
K02000001,United Kingdom,overview,2021-11-10,142745,79.9,39329,128
K02000001,United Kingdom,overview,2021-11-09,142617,79.8,33117,119
K02000001,United Kingdom,overview,2021-11-08,142498,79.8,32322,145
K02000001,United Kingdom,overview,2021-11-07,142353,79.7,30305,159
K02000001,United Kingdom,overview,2021-11-06,142194,79.7,30693,158
K02000001,United Kingdom,overview,2021-11-05,142036,79.7,34029,142
K02000001,United Kingdom,overview,2021-11-04,141894,79.6,37269,147
K02000001,United Kingdom,overview,2021-11-03,141747,79.6,41299,157
K02000001,United Kingdom,overview,2021-11-02,141590,79.6,33865,156
K02000001,United Kingdom,overview,2021-11-01,141434,79.5,40077,169
K02000001,United Kingdom,overview,2021-10-31,141265,79.5,38009,181
K02000001,United Kingdom,overview,2021-10-30,141084,79.5,41278,165
K02000001,United Kingdom,overview,2021-10-29,140919,79.4,43467,168
K02000001,United Kingdom,overview,2021-10-28,140751,79.4,39842,188
K02000001,United Kingdom,overview,2021-10-27,140563,79.3,43941,158
K02000001,United Kingdom,overview,2021-10-26,140405,79.3,40954,159
K02000001,United Kingdom,overview,2021-10-25,140246,79.3,36567,130
K02000001,United Kingdom,overview,2021-10-24,140116,79.2,39962,150
K02000001,United Kingdom,overview,2021-10-23,139966,79.2,44985,162
K02000001,United Kingdom,overview,2021-10-22,139804,79.1,49298,133
K02000001,United Kingdom,overview,2021-10-21,139671,79.1,52009,153
K02000001,United Kingdom,overview,2021-10-20,139518,79,49139,152
K02000001,United Kingdom,overview,2021-10-19,139366,79,43738,128
K02000001,United Kingdom,overview,2021-10-18,139238,78.9,49156,127
K02000001,United Kingdom,overview,2021-10-17,139111,78.9,45140,127
K02000001,United Kingdom,overview,2021-10-16,138984,78.9,43423,132
K02000001,United Kingdom,overview,2021-10-15,138852,78.8,44932,137
K02000001,United Kingdom,overview,2021-10-14,138715,78.8,45066,149
K02000001,United Kingdom,overview,2021-10-13,138566,78.7,42776,119
K02000001,United Kingdom,overview,2021-10-12,138447,78.7,38520,113
K02000001,United Kingdom,overview,2021-10-11,138334,78.6,40224,123
K02000001,United Kingdom,overview,2021-10-10,138211,78.6,34574,96
K02000001,United Kingdom,overview,2021-10-09,138115,78.5,34950,115
K02000001,United Kingdom,overview,2021-10-08,138000,78.5,41765,114
K02000001,United Kingdom,overview,2021-10-07,137886,78.4,40701,121
K02000001,United Kingdom,overview,2021-10-06,137765,78.4,39851,101
K02000001,United Kingdom,overview,2021-10-05,137664,78.3,33869,119
K02000001,United Kingdom,overview,2021-10-04,137545,78.3,35077,101
K02000001,United Kingdom,overview,2021-10-03,137444,78.2,30439,96
K02000001,United Kingdom,overview,2021-10-02,137348,78.2,30301,109
K02000001,United Kingdom,overview,2021-10-01,137239,78.1,35577,129
K02000001,United Kingdom,overview,2021-09-30,137110,78.1,36480,113
K02000001,United Kingdom,overview,2021-09-29,136997,78,36722,124
K02000001,United Kingdom,overview,2021-09-28,136873,78,34526,105
K02000001,United Kingdom,overview,2021-09-27,136768,77.9,37960,114
K02000001,United Kingdom,overview,2021-09-26,136654,77.8,32417,97
K02000001,United Kingdom,overview,2021-09-25,136557,77.8,32468,124
K02000001,United Kingdom,overview,2021-09-24,136433,77.7,35623,124
K02000001,United Kingdom,overview,2021-09-23,136309,77.6,36710,137
K02000001,United Kingdom,overview,2021-09-22,136172,77.6,34460,146
K02000001,United Kingdom,overview,2021-09-21,136026,77.5,31564,120
K02000001,United Kingdom,overview,2021-09-20,135906,77.4,36100,134
K02000001,United Kingdom,overview,2021-09-19,135772,77.3,29612,126
K02000001,United Kingdom,overview,2021-09-18,135646,77.3,30144,122
K02000001,United Kingdom,overview,2021-09-17,135524,77.1,32651,171
K02000001,United Kingdom,overview,2021-09-16,135353,77,26911,150
K02000001,United Kingdom,overview,2021-09-15,135203,76.9,30597,142
K02000001,United Kingdom,overview,2021-09-14,135061,76.8,26628,154
K02000001,United Kingdom,overview,2021-09-13,134907,76.7,30825,109
K02000001,United Kingdom,overview,2021-09-12,134798,76.6,29173,140
K02000001,United Kingdom,overview,2021-09-11,134658,76.5,29547,137
K02000001,United Kingdom,overview,2021-09-10,134521,76.3,37622,144
K02000001,United Kingdom,overview,2021-09-09,134377,76.2,38013,162
K02000001,United Kingdom,overview,2021-09-08,134215,76,38975,139
K02000001,United Kingdom,overview,2021-09-07,134076,75.9,37489,155
K02000001,United Kingdom,overview,2021-09-06,133921,75.7,41192,138
K02000001,United Kingdom,overview,2021-09-05,133783,75.6,37011,155
K02000001,United Kingdom,overview,2021-09-04,133628,75.4,37578,133
K02000001,United Kingdom,overview,2021-09-03,133495,75.2,42076,149
K02000001,United Kingdom,overview,2021-09-02,133346,75,38154,127
K02000001,United Kingdom,overview,2021-09-01,133219,74.8,35693,118
K02000001,United Kingdom,overview,2021-08-31,133101,74.6,32181,116
K02000001,United Kingdom,overview,2021-08-30,132985,74.4,26476,106
K02000001,United Kingdom,overview,2021-08-29,132879,74.3,33196,128
K02000001,United Kingdom,overview,2021-08-28,132751,74.2,32406,124
K02000001,United Kingdom,overview,2021-08-27,132627,73.9,38046,127
K02000001,United Kingdom,overview,2021-08-26,132500,73.7,38281,116
K02000001,United Kingdom,overview,2021-08-25,132384,73.4,35847,101
K02000001,United Kingdom,overview,2021-08-24,132283,73.2,30838,113
K02000001,United Kingdom,overview,2021-08-23,132170,72.9,31914,114
K02000001,United Kingdom,overview,2021-08-22,132056,72.7,32253,116
K02000001,United Kingdom,overview,2021-08-21,131940,72.5,32058,104
K02000001,United Kingdom,overview,2021-08-20,131836,72.2,37314,117
K02000001,United Kingdom,overview,2021-08-19,131719,71.9,36572,108
K02000001,United Kingdom,overview,2021-08-18,131611,71.6,33904,98
K02000001,United Kingdom,overview,2021-08-17,131513,71.3,26852,108
K02000001,United Kingdom,overview,2021-08-16,131405,71,28438,78
K02000001,United Kingdom,overview,2021-08-15,131327,70.8,26750,85
K02000001,United Kingdom,overview,2021-08-14,131242,70.6,29520,93
K02000001,United Kingdom,overview,2021-08-13,131149,70.2,32700,104
K02000001,United Kingdom,overview,2021-08-12,131045,69.9,33074,106
K02000001,United Kingdom,overview,2021-08-11,130939,69.6,29612,88
K02000001,United Kingdom,overview,2021-08-10,130851,69.3,23510,81
K02000001,United Kingdom,overview,2021-08-09,130770,69,25161,79
K02000001,United Kingdom,overview,2021-08-08,130691,68.8,27429,79
K02000001,United Kingdom,overview,2021-08-07,130612,68.6,28612,95
K02000001,United Kingdom,overview,2021-08-06,130517,68.2,31808,93
K02000001,United Kingdom,overview,2021-08-05,130424,67.9,30215,101
K02000001,United Kingdom,overview,2021-08-04,130323,67.6,29312,79
K02000001,United Kingdom,overview,2021-08-03,130244,67.3,21691,74
K02000001,United Kingdom,overview,2021-08-02,130170,67.1,21952,79
K02000001,United Kingdom,overview,2021-08-01,130091,66.8,24470,93
K02000001,United Kingdom,overview,2021-07-31,129998,66.6,26144,89
K02000001,United Kingdom,overview,2021-07-30,129909,66.3,29622,105
K02000001,United Kingdom,overview,2021-07-29,129804,66,31117,77
K02000001,United Kingdom,overview,2021-07-28,129727,65.7,27734,86
K02000001,United Kingdom,overview,2021-07-27,129641,65.4,23511,72
K02000001,United Kingdom,overview,2021-07-26,129569,65.1,24950,74
K02000001,United Kingdom,overview,2021-07-25,129495,64.8,29173,71
K02000001,United Kingdom,overview,2021-07-24,129424,64.6,31795,72
K02000001,United Kingdom,overview,2021-07-23,129352,64.3,36389,81
K02000001,United Kingdom,overview,2021-07-22,129271,63.9,39906,76
K02000001,United Kingdom,overview,2021-07-21,129195,63.6,44104,54
K02000001,United Kingdom,overview,2021-07-20,129141,63.3,46558,58
K02000001,United Kingdom,overview,2021-07-19,129083,63,39950,83
K02000001,United Kingdom,overview,2021-07-18,129000,62.8,48161,66
K02000001,United Kingdom,overview,2021-07-17,128934,62.5,54674,52
K02000001,United Kingdom,overview,2021-07-16,128882,62.2,51870,50
K02000001,United Kingdom,overview,2021-07-15,128832,61.8,48553,52
K02000001,United Kingdom,overview,2021-07-14,128780,61.5,42302,42
K02000001,United Kingdom,overview,2021-07-13,128738,61.1,36660,49
K02000001,United Kingdom,overview,2021-07-12,128689,60.9,34471,39
K02000001,United Kingdom,overview,2021-07-11,128650,60.6,31772,33
K02000001,United Kingdom,overview,2021-07-10,128617,60.5,32367,42
K02000001,United Kingdom,overview,2021-07-09,128575,60.1,35707,47
K02000001,United Kingdom,overview,2021-07-08,128528,59.8,32551,38
K02000001,United Kingdom,overview,2021-07-07,128490,59.5,32548,29
K02000001,United Kingdom,overview,2021-07-06,128461,59.2,28773,32
K02000001,United Kingdom,overview,2021-07-05,128429,58.9,27334,28
K02000001,United Kingdom,overview,2021-07-04,128401,58.6,24248,28
K02000001,United Kingdom,overview,2021-07-03,128373,58.5,24885,28
K02000001,United Kingdom,overview,2021-07-02,128345,58.1,27125,28
K02000001,United Kingdom,overview,2021-07-01,128317,57.8,27989,21
K02000001,United Kingdom,overview,2021-06-30,128296,57.5,26068,21
K02000001,United Kingdom,overview,2021-06-29,128275,57.2,20479,24
K02000001,United Kingdom,overview,2021-06-28,128251,56.9,22868,12
K02000001,United Kingdom,overview,2021-06-27,128239,56.7,14876,20
K02000001,United Kingdom,overview,2021-06-26,128219,56.4,18270,17
K02000001,United Kingdom,overview,2021-06-25,128202,56.1,15810,20
K02000001,United Kingdom,overview,2021-06-24,128182,55.8,16703,21
K02000001,United Kingdom,overview,2021-06-23,128161,55.5,16135,7
K02000001,United Kingdom,overview,2021-06-22,128154,55.2,11625,13
K02000001,United Kingdom,overview,2021-06-21,128141,54.8,10633,16
K02000001,United Kingdom,overview,2021-06-20,128125,54.7,9284,23
K02000001,United Kingdom,overview,2021-06-19,128102,54.5,10321,23
K02000001,United Kingdom,overview,2021-06-18,128079,54.1,10476,13
K02000001,United Kingdom,overview,2021-06-17,128066,53.7,11007,6
K02000001,United Kingdom,overview,2021-06-16,128060,53.3,9055,11
K02000001,United Kingdom,overview,2021-06-15,128049,52.9,7673,19
K02000001,United Kingdom,overview,2021-06-14,128030,52.5,7742,9
K02000001,United Kingdom,overview,2021-06-13,128021,52.1,7490,10
K02000001,United Kingdom,overview,2021-06-12,128011,51.8,7738,13
K02000001,United Kingdom,overview,2021-06-11,127998,51.2,8125,6
K02000001,United Kingdom,overview,2021-06-10,127992,50.7,7393,11
K02000001,United Kingdom,overview,2021-06-09,127981,50.2,7540,7
K02000001,United Kingdom,overview,2021-06-08,127974,49.6,6048,8
K02000001,United Kingdom,overview,2021-06-07,127966,49.1,5683,5
K02000001,United Kingdom,overview,2021-06-06,127961,48.6,5341,6
K02000001,United Kingdom,overview,2021-06-05,127955,48.1,5765,5
K02000001,United Kingdom,overview,2021-06-04,127950,47.3,6238,9
K02000001,United Kingdom,overview,2021-06-03,127941,46.6,5274,12
K02000001,United Kingdom,overview,2021-06-02,127929,45.9,4330,10
K02000001,United Kingdom,overview,2021-06-01,127919,45.3,3165,4
K02000001,United Kingdom,overview,2021-05-31,127915,44.7,3383,7
K02000001,United Kingdom,overview,2021-05-30,127908,44.4,3240,8
K02000001,United Kingdom,overview,2021-05-29,127900,44.1,3398,7
K02000001,United Kingdom,overview,2021-05-28,127893,43.3,4182,8
K02000001,United Kingdom,overview,2021-05-27,127885,42.6,3542,8
K02000001,United Kingdom,overview,2021-05-26,127877,41.8,3180,11
K02000001,United Kingdom,overview,2021-05-25,127866,41.1,2493,4
K02000001,United Kingdom,overview,2021-05-24,127862,40.4,2439,9
K02000001,United Kingdom,overview,2021-05-23,127853,39.8,2235,7
K02000001,United Kingdom,overview,2021-05-22,127846,39.4,2694,4
K02000001,United Kingdom,overview,2021-05-21,127842,38.4,2829,7
K02000001,United Kingdom,overview,2021-05-20,127835,37.7,2874,5
K02000001,United Kingdom,overview,2021-05-19,127830,36.9,2696,5
K02000001,United Kingdom,overview,2021-05-18,127825,36.3,2412,6
K02000001,United Kingdom,overview,2021-05-17,127819,35.7,1979,7
K02000001,United Kingdom,overview,2021-05-16,127812,35.3,1926,8
K02000001,United Kingdom,overview,2021-05-15,127804,35,2027,7
K02000001,United Kingdom,overview,2021-05-14,127797,34.3,2193,6
K02000001,United Kingdom,overview,2021-05-13,127791,33.6,2657,5
K02000001,United Kingdom,overview,2021-05-12,127786,32.8,2284,11
K02000001,United Kingdom,overview,2021-05-11,127775,32.1,2474,14
K02000001,United Kingdom,overview,2021-05-10,127761,31.5,2357,8
K02000001,United Kingdom,overview,2021-05-09,127753,31.1,1770,9
K02000001,United Kingdom,overview,2021-05-08,127744,30.7,2047,8
K02000001,United Kingdom,overview,2021-05-07,127736,30,2490,10
K02000001,United Kingdom,overview,2021-05-06,127726,29.2,2613,10
K02000001,United Kingdom,overview,2021-05-05,127716,28.3,2144,12
K02000001,United Kingdom,overview,2021-05-04,127704,27.6,1946,10
K02000001,United Kingdom,overview,2021-05-03,127694,27.2,1649,8
K02000001,United Kingdom,overview,2021-05-02,127686,27,1671,12
K02000001,United Kingdom,overview,2021-05-01,127674,26.7,1907,8
K02000001,United Kingdom,overview,2021-04-30,127666,26,2381,8
K02000001,United Kingdom,overview,2021-04-29,127658,25.3,2445,13
K02000001,United Kingdom,overview,2021-04-28,127645,24.4,2166,14
K02000001,United Kingdom,overview,2021-04-27,127631,23.6,2685,12
K02000001,United Kingdom,overview,2021-04-26,127619,23,2064,13
K02000001,United Kingdom,overview,2021-04-25,127606,22.4,1712,15
K02000001,United Kingdom,overview,2021-04-24,127591,22,2061,8
K02000001,United Kingdom,overview,2021-04-23,127583,21,2678,21
K02000001,United Kingdom,overview,2021-04-22,127562,20.2,2729,16
K02000001,United Kingdom,overview,2021-04-21,127546,19.5,2396,24
K02000001,United Kingdom,overview,2021-04-20,127522,18.7,2524,19
K02000001,United Kingdom,overview,2021-04-19,127503,18.1,2963,18
K02000001,United Kingdom,overview,2021-04-18,127485,17.7,1882,17
K02000001,United Kingdom,overview,2021-04-17,127468,17.3,2206,22
K02000001,United Kingdom,overview,2021-04-16,127446,16.4,2596,17
K02000001,United Kingdom,overview,2021-04-15,127429,15.5,2672,21
K02000001,United Kingdom,overview,2021-04-14,127408,14.8,2491,17
K02000001,United Kingdom,overview,2021-04-13,127391,14.2,2472,20
K02000001,United Kingdom,overview,2021-04-12,127371,13.7,3568,27
K02000001,United Kingdom,overview,2021-04-11,127344,13.3,1730,22
K02000001,United Kingdom,overview,2021-04-10,127322,13,2589,24
K02000001,United Kingdom,overview,2021-04-09,127298,12.2,3150,23
K02000001,United Kingdom,overview,2021-04-08,127275,11.4,3030,35
K02000001,United Kingdom,overview,2021-04-07,127240,10.6,2763,29
K02000001,United Kingdom,overview,2021-04-06,127211,9.9,2379,28
K02000001,United Kingdom,overview,2021-04-05,127183,9.6,2762,17
K02000001,United Kingdom,overview,2021-04-04,127166,9.4,2297,26
K02000001,United Kingdom,overview,2021-04-03,127140,9.4,3423,31
K02000001,United Kingdom,overview,2021-04-02,127109,9.1,3402,28
K02000001,United Kingdom,overview,2021-04-01,127081,8.6,4479,31
K02000001,United Kingdom,overview,2021-03-31,127050,7.8,4052,38
K02000001,United Kingdom,overview,2021-03-30,127012,7.2,4040,43
K02000001,United Kingdom,overview,2021-03-29,126969,6.7,4654,35
K02000001,United Kingdom,overview,2021-03-28,126934,6.4,3862,34
K02000001,United Kingdom,overview,2021-03-27,126900,6.1,4715,36
K02000001,United Kingdom,overview,2021-03-26,126864,5.7,6187,48
K02000001,United Kingdom,overview,2021-03-25,126816,5.2,6397,45
K02000001,United Kingdom,overview,2021-03-24,126771,4.8,5605,40
K02000001,United Kingdom,overview,2021-03-23,126731,4.4,5379,50
K02000001,United Kingdom,overview,2021-03-22,126681,4.1,5342,65
K02000001,United Kingdom,overview,2021-03-21,126616,4,5312,80
K02000001,United Kingdom,overview,2021-03-20,126536,3.9,5587,64
K02000001,United Kingdom,overview,2021-03-19,126472,3.7,4802,70
K02000001,United Kingdom,overview,2021-03-18,126402,3.5,6303,58
K02000001,United Kingdom,overview,2021-03-17,126344,3.3,5758,79
K02000001,United Kingdom,overview,2021-03-16,126265,3.1,5294,80
K02000001,United Kingdom,overview,2021-03-15,126185,2.9,5089,91
K02000001,United Kingdom,overview,2021-03-14,126094,2.8,4618,94
K02000001,United Kingdom,overview,2021-03-13,126000,2.8,5534,108
K02000001,United Kingdom,overview,2021-03-12,125892,2.7,6609,92
K02000001,United Kingdom,overview,2021-03-11,125800,2.5,6753,122
K02000001,United Kingdom,overview,2021-03-10,125678,2.4,5926,116
K02000001,United Kingdom,overview,2021-03-09,125562,2.2,5766,133
K02000001,United Kingdom,overview,2021-03-08,125429,2.1,4712,143
K02000001,United Kingdom,overview,2021-03-07,125286,2,5177,131
K02000001,United Kingdom,overview,2021-03-06,125155,2,6040,153
K02000001,United Kingdom,overview,2021-03-05,125002,1.9,5947,169
K02000001,United Kingdom,overview,2021-03-04,124833,1.8,6573,153
K02000001,United Kingdom,overview,2021-03-03,124680,1.7,6385,147
K02000001,United Kingdom,overview,2021-03-02,124533,1.6,6391,182
K02000001,United Kingdom,overview,2021-03-01,124351,1.5,5455,224
K02000001,United Kingdom,overview,2021-02-28,124127,1.4,6035,212
K02000001,United Kingdom,overview,2021-02-27,123915,1.4,7434,229
K02000001,United Kingdom,overview,2021-02-26,123686,1.3,8523,226
K02000001,United Kingdom,overview,2021-02-25,123460,1.3,9985,259
K02000001,United Kingdom,overview,2021-02-24,123201,1.2,9938,274
K02000001,United Kingdom,overview,2021-02-23,122927,1.2,8489,288
K02000001,United Kingdom,overview,2021-02-22,122639,1.1,10641,281
K02000001,United Kingdom,overview,2021-02-21,122358,1.1,9834,325
K02000001,United Kingdom,overview,2021-02-20,122033,1.1,10406,349
K02000001,United Kingdom,overview,2021-02-19,121684,1.1,12027,380
K02000001,United Kingdom,overview,2021-02-18,121304,1,12057,416
K02000001,United Kingdom,overview,2021-02-17,120888,1,12718,430
K02000001,United Kingdom,overview,2021-02-16,120458,1,10625,445
K02000001,United Kingdom,overview,2021-02-15,120013,0.9,9765,518
K02000001,United Kingdom,overview,2021-02-14,119495,0.9,10972,493
K02000001,United Kingdom,overview,2021-02-13,119002,0.9,13308,490
K02000001,United Kingdom,overview,2021-02-12,118512,0.9,15144,527
K02000001,United Kingdom,overview,2021-02-11,117985,0.9,13494,571
K02000001,United Kingdom,overview,2021-02-10,117414,0.9,13013,607
K02000001,United Kingdom,overview,2021-02-09,116807,0.9,12364,607
K02000001,United Kingdom,overview,2021-02-08,116200,0.9,14104,678
K02000001,United Kingdom,overview,2021-02-07,115522,0.9,15845,635
K02000001,United Kingdom,overview,2021-02-06,114887,0.9,18262,699
K02000001,United Kingdom,overview,2021-02-05,114188,0.9,19114,752
K02000001,United Kingdom,overview,2021-02-04,113436,0.9,20634,716
K02000001,United Kingdom,overview,2021-02-03,112720,0.9,19202,857
K02000001,United Kingdom,overview,2021-02-02,111863,0.9,16840,849
K02000001,United Kingdom,overview,2021-02-01,111014,0.9,18607,891
K02000001,United Kingdom,overview,2021-01-31,110123,0.9,21088,892
K02000001,United Kingdom,overview,2021-01-30,109231,0.9,23275,911
K02000001,United Kingdom,overview,2021-01-29,108320,0.8,29079,1068
K02000001,United Kingdom,overview,2021-01-28,107252,0.8,28680,1106
K02000001,United Kingdom,overview,2021-01-27,106146,0.8,25308,1111
K02000001,United Kingdom,overview,2021-01-26,105035,0.8,20089,1059
K02000001,United Kingdom,overview,2021-01-25,103976,0.8,22195,1164
K02000001,United Kingdom,overview,2021-01-24,102812,0.8,30004,1157
K02000001,United Kingdom,overview,2021-01-23,101655,0.8,33552,1163
K02000001,United Kingdom,overview,2021-01-22,100492,0.8,40261,1244
K02000001,United Kingdom,overview,2021-01-21,99248,0.8,37892,1235
K02000001,United Kingdom,overview,2021-01-20,98013,0.8,38905,1296
K02000001,United Kingdom,overview,2021-01-19,96717,0.8,33355,1359
K02000001,United Kingdom,overview,2021-01-18,95358,0.8,37535,1294
K02000001,United Kingdom,overview,2021-01-17,94064,0.8,38598,1267
K02000001,United Kingdom,overview,2021-01-16,92797,0.8,41346,1306
K02000001,United Kingdom,overview,2021-01-15,91491,0.8,55761,1225
K02000001,United Kingdom,overview,2021-01-14,90266,0.8,48682,1227
K02000001,United Kingdom,overview,2021-01-13,89039,0.8,47525,1214
K02000001,United Kingdom,overview,2021-01-12,87825,0.7,45533,1210
K02000001,United Kingdom,overview,2021-01-11,86615,0.7,46169,1129
K02000001,United Kingdom,overview,2021-01-10,85486,0.7,54940,1095
K02000001,United Kingdom,overview,2021-01-09,84391,0,59937,1018
K02000001,United Kingdom,overview,2021-01-08,83373,0,68053,986
K02000001,United Kingdom,overview,2021-01-07,82387,0,52618,994
K02000001,United Kingdom,overview,2021-01-06,81393,0,62322,931
K02000001,United Kingdom,overview,2021-01-05,80462,0,60916,906
K02000001,United Kingdom,overview,2021-01-04,79556,0,58784,840
K02000001,United Kingdom,overview,2021-01-03,78716,0,54990,759
K02000001,United Kingdom,overview,2021-01-02,77957,0,57725,760
K02000001,United Kingdom,overview,2021-01-01,77197,0,53285,748
K02000001,United Kingdom,overview,2020-12-31,76449,0,55892,757
K02000001,United Kingdom,overview,2020-12-30,75692,0,50023,721
K02000001,United Kingdom,overview,2020-12-29,74971,0,53135,656
K02000001,United Kingdom,overview,2020-12-28,74315,0,41385,678
K02000001,United Kingdom,overview,2020-12-27,73637,0,30501,653
K02000001,United Kingdom,overview,2020-12-26,72984,0,35691,654
K02000001,United Kingdom,overview,2020-12-25,72330,0,32725,612
K02000001,United Kingdom,overview,2020-12-24,71718,0,39877,582
K02000001,United Kingdom,overview,2020-12-23,71136,0,39237,565
K02000001,United Kingdom,overview,2020-12-22,70571,0,36804,562
K02000001,United Kingdom,overview,2020-12-21,70009,0,33364,575
K02000001,United Kingdom,overview,2020-12-20,69434,0,35928,506
K02000001,United Kingdom,overview,2020-12-19,68928,0,27052,488
K02000001,United Kingdom,overview,2020-12-18,68440,0,28507,514
K02000001,United Kingdom,overview,2020-12-17,67926,0,35383,538
K02000001,United Kingdom,overview,2020-12-16,67388,0,25161,433
K02000001,United Kingdom,overview,2020-12-15,66955,0,18450,459
K02000001,United Kingdom,overview,2020-12-14,66496,0,20263,479
K02000001,United Kingdom,overview,2020-12-13,66017,0,18447,418
K02000001,United Kingdom,overview,2020-12-12,65599,0,21502,437
K02000001,United Kingdom,overview,2020-12-11,65162,0,21672,453
K02000001,United Kingdom,overview,2020-12-10,64709,0,20964,447
K02000001,United Kingdom,overview,2020-12-09,64262,0,16578,431
K02000001,United Kingdom,overview,2020-12-08,63831,0,12282,435
K02000001,United Kingdom,overview,2020-12-07,63396,0,14718,420
K02000001,United Kingdom,overview,2020-12-06,62976,0,17272,420
K02000001,United Kingdom,overview,2020-12-05,62556,0,15539,395
K02000001,United Kingdom,overview,2020-12-04,62161,0,16298,475
K02000001,United Kingdom,overview,2020-12-03,61686,0,14879,474
K02000001,United Kingdom,overview,2020-12-02,61212,0,16170,386
K02000001,United Kingdom,overview,2020-12-01,60826,0,13430,399
K02000001,United Kingdom,overview,2020-11-30,60427,0,12330,423
K02000001,United Kingdom,overview,2020-11-29,60004,0,12155,465
K02000001,United Kingdom,overview,2020-11-28,59539,0,15871,467
K02000001,United Kingdom,overview,2020-11-27,59072,0,16022,424
K02000001,United Kingdom,overview,2020-11-26,58648,0,17555,434
K02000001,United Kingdom,overview,2020-11-25,58214,0,18213,484
K02000001,United Kingdom,overview,2020-11-24,57730,0,11299,461
K02000001,United Kingdom,overview,2020-11-23,57269,0,15450,464
K02000001,United Kingdom,overview,2020-11-22,56805,0,18662,475
K02000001,United Kingdom,overview,2020-11-21,56330,0,19875,466
K02000001,United Kingdom,overview,2020-11-20,55864,0,20252,453
K02000001,United Kingdom,overview,2020-11-19,55411,0,22915,461
K02000001,United Kingdom,overview,2020-11-18,54950,0,19609,487
K02000001,United Kingdom,overview,2020-11-17,54463,0,20051,440
K02000001,United Kingdom,overview,2020-11-16,54023,0,21363,423
K02000001,United Kingdom,overview,2020-11-15,53600,0,24962,454
K02000001,United Kingdom,overview,2020-11-14,53146,0,26860,431
K02000001,United Kingdom,overview,2020-11-13,52715,0,27301,436
K02000001,United Kingdom,overview,2020-11-12,52279,0,33470,421
K02000001,United Kingdom,overview,2020-11-11,51858,0,22950,391
K02000001,United Kingdom,overview,2020-11-10,51467,0,20412,391
K02000001,United Kingdom,overview,2020-11-09,51076,0,21350,482
K02000001,United Kingdom,overview,2020-11-08,50594,0,20572,415
K02000001,United Kingdom,overview,2020-11-07,50179,0,24957,392
K02000001,United Kingdom,overview,2020-11-06,49787,0,23287,401
K02000001,United Kingdom,overview,2020-11-05,49386,0,24141,380
K02000001,United Kingdom,overview,2020-11-04,49006,0,25177,329
K02000001,United Kingdom,overview,2020-11-03,48677,0,20018,361
K02000001,United Kingdom,overview,2020-11-02,48316,0,18950,337
K02000001,United Kingdom,overview,2020-11-01,47979,0,23254,359
K02000001,United Kingdom,overview,2020-10-31,47620,0,21915,320
K02000001,United Kingdom,overview,2020-10-30,47300,0,24405,339
K02000001,United Kingdom,overview,2020-10-29,46961,0,23065,313
K02000001,United Kingdom,overview,2020-10-28,46648,0,24701,287
K02000001,United Kingdom,overview,2020-10-27,46361,0,22885,266
K02000001,United Kingdom,overview,2020-10-26,46095,0,20890,280
K02000001,United Kingdom,overview,2020-10-25,45815,0,19790,250
K02000001,United Kingdom,overview,2020-10-24,45565,0,23012,213
K02000001,United Kingdom,overview,2020-10-23,45352,0,20530,223
K02000001,United Kingdom,overview,2020-10-22,45129,0,21242,236
K02000001,United Kingdom,overview,2020-10-21,44893,0,26688,221
K02000001,United Kingdom,overview,2020-10-20,44672,0,21331,197
K02000001,United Kingdom,overview,2020-10-19,44475,0,18804,192
K02000001,United Kingdom,overview,2020-10-18,44283,0,16982,160
K02000001,United Kingdom,overview,2020-10-17,44123,0,16171,178
K02000001,United Kingdom,overview,2020-10-16,43945,0,15650,150
K02000001,United Kingdom,overview,2020-10-15,43795,0,18980,151
K02000001,United Kingdom,overview,2020-10-14,43644,0,19724,116
K02000001,United Kingdom,overview,2020-10-13,43528,0,17234,111
K02000001,United Kingdom,overview,2020-10-12,43417,0,13972,113
K02000001,United Kingdom,overview,2020-10-11,43304,0,12872,124
K02000001,United Kingdom,overview,2020-10-10,43180,0,15166,104
K02000001,United Kingdom,overview,2020-10-09,43076,0,13864,79
K02000001,United Kingdom,overview,2020-10-08,42997,0,17540,93
K02000001,United Kingdom,overview,2020-10-07,42904,0,14162,102
K02000001,United Kingdom,overview,2020-10-06,42802,0,14542,71
K02000001,United Kingdom,overview,2020-10-05,42731,0,12594,72
K02000001,United Kingdom,overview,2020-10-04,42659,0,22961,60
K02000001,United Kingdom,overview,2020-10-03,42599,0,12872,67
K02000001,United Kingdom,overview,2020-10-02,42532,0,6968,69
K02000001,United Kingdom,overview,2020-10-01,42463,0,6914,66
K02000001,United Kingdom,overview,2020-09-30,42397,0,7108,57
K02000001,United Kingdom,overview,2020-09-29,42340,0,7143,48
K02000001,United Kingdom,overview,2020-09-28,42292,0,4044,54
K02000001,United Kingdom,overview,2020-09-27,42238,0,5693,47
K02000001,United Kingdom,overview,2020-09-26,42191,0,6042,39
K02000001,United Kingdom,overview,2020-09-25,42152,0,6874,32
K02000001,United Kingdom,overview,2020-09-24,42120,0,6634,35
K02000001,United Kingdom,overview,2020-09-23,42085,0,6178,57
K02000001,United Kingdom,overview,2020-09-22,42028,0,4926,40
K02000001,United Kingdom,overview,2020-09-21,41988,0,4368,27
K02000001,United Kingdom,overview,2020-09-20,41961,0,3899,32
K02000001,United Kingdom,overview,2020-09-19,41929,0,4422,20
K02000001,United Kingdom,overview,2020-09-18,41909,0,4322,24
K02000001,United Kingdom,overview,2020-09-17,41885,0,3395,27
K02000001,United Kingdom,overview,2020-09-16,41858,0,3991,26
K02000001,United Kingdom,overview,2020-09-15,41832,0,3105,18
K02000001,United Kingdom,overview,2020-09-14,41814,0,2621,21
K02000001,United Kingdom,overview,2020-09-13,41793,0,3330,16
K02000001,United Kingdom,overview,2020-09-12,41777,0,3497,18
K02000001,United Kingdom,overview,2020-09-11,41759,0,3539,13
K02000001,United Kingdom,overview,2020-09-10,41746,0,2919,13
K02000001,United Kingdom,overview,2020-09-09,41733,0,2659,9
K02000001,United Kingdom,overview,2020-09-08,41724,0,2460,9
K02000001,United Kingdom,overview,2020-09-07,41715,0,2948,15
K02000001,United Kingdom,overview,2020-09-06,41700,0,2988,8
K02000001,United Kingdom,overview,2020-09-05,41692,0,1813,13
K02000001,United Kingdom,overview,2020-09-04,41679,0,1940,7
K02000001,United Kingdom,overview,2020-09-03,41672,0,1735,10
K02000001,United Kingdom,overview,2020-09-02,41662,0,1508,9
K02000001,United Kingdom,overview,2020-09-01,41653,0,1295,3
K02000001,United Kingdom,overview,2020-08-31,41650,0,1406,9
K02000001,United Kingdom,overview,2020-08-30,41641,0,1715,6
K02000001,United Kingdom,overview,2020-08-29,41635,0,1108,5
K02000001,United Kingdom,overview,2020-08-28,41630,0,1276,10
K02000001,United Kingdom,overview,2020-08-27,41620,0,1522,8
K02000001,United Kingdom,overview,2020-08-26,41612,0,1048,11
K02000001,United Kingdom,overview,2020-08-25,41601,0,1184,12
K02000001,United Kingdom,overview,2020-08-24,41589,0,853,6
K02000001,United Kingdom,overview,2020-08-23,41583,0,1160,14
K02000001,United Kingdom,overview,2020-08-22,41569,0,1288,8
K02000001,United Kingdom,overview,2020-08-21,41561,0,1033,7
K02000001,United Kingdom,overview,2020-08-20,41554,0,1182,8
K02000001,United Kingdom,overview,2020-08-19,41546,0,812,3
K02000001,United Kingdom,overview,2020-08-18,41543,0,1089,9
K02000001,United Kingdom,overview,2020-08-17,41534,0,713,12
K02000001,United Kingdom,overview,2020-08-16,41522,0,1040,4
K02000001,United Kingdom,overview,2020-08-15,41518,0,1077,12
K02000001,United Kingdom,overview,2020-08-14,41506,0,1441,7
K02000001,United Kingdom,overview,2020-08-13,41499,0,1129,9
K02000001,United Kingdom,overview,2020-08-12,41490,0,1009,7
K02000001,United Kingdom,overview,2020-08-11,41483,0,1148,10
K02000001,United Kingdom,overview,2020-08-10,41473,0,740,13
K02000001,United Kingdom,overview,2020-08-09,41460,0,1062,8
K02000001,United Kingdom,overview,2020-08-08,41452,0,758,14
K02000001,United Kingdom,overview,2020-08-07,41438,0,871,12
K02000001,United Kingdom,overview,2020-08-06,41426,0,950,9
K02000001,United Kingdom,overview,2020-08-05,41417,0,892,6
K02000001,United Kingdom,overview,2020-08-04,41411,0,670,14
K02000001,United Kingdom,overview,2020-08-03,41397,0,898,15
K02000001,United Kingdom,overview,2020-08-02,41382,0,744,10
K02000001,United Kingdom,overview,2020-08-01,41372,0,761,11
K02000001,United Kingdom,overview,2020-07-31,41361,0,880,14
K02000001,United Kingdom,overview,2020-07-30,41347,0,846,10
K02000001,United Kingdom,overview,2020-07-29,41337,0,763,12
K02000001,United Kingdom,overview,2020-07-28,41325,0,581,12
K02000001,United Kingdom,overview,2020-07-27,41313,0,685,11
K02000001,United Kingdom,overview,2020-07-26,41302,0,745,16
K02000001,United Kingdom,overview,2020-07-25,41286,0,767,16
K02000001,United Kingdom,overview,2020-07-24,41270,0,768,7
K02000001,United Kingdom,overview,2020-07-23,41263,0,769,16
K02000001,United Kingdom,overview,2020-07-22,41247,0,560,17
K02000001,United Kingdom,overview,2020-07-21,41230,0,445,20
K02000001,United Kingdom,overview,2020-07-20,41210,0,557,12
K02000001,United Kingdom,overview,2020-07-19,41198,0,726,14
K02000001,United Kingdom,overview,2020-07-18,41184,0,827,14
K02000001,United Kingdom,overview,2020-07-17,41170,0,687,18
K02000001,United Kingdom,overview,2020-07-16,41152,0,642,13
K02000001,United Kingdom,overview,2020-07-15,41139,0,538,20
K02000001,United Kingdom,overview,2020-07-14,41119,0,398,21
K02000001,United Kingdom,overview,2020-07-13,41098,0,530,24
K02000001,United Kingdom,overview,2020-07-12,41074,0,650,13
K02000001,United Kingdom,overview,2020-07-11,41061,0,820,21
K02000001,United Kingdom,overview,2020-07-10,41040,0,512,21
K02000001,United Kingdom,overview,2020-07-09,41019,0,642,37
K02000001,United Kingdom,overview,2020-07-08,40982,0,630,24
K02000001,United Kingdom,overview,2020-07-07,40958,0,581,27
K02000001,United Kingdom,overview,2020-07-06,40931,0,343,35
K02000001,United Kingdom,overview,2020-07-05,40896,0,516,27
K02000001,United Kingdom,overview,2020-07-04,40869,0,624,33
K02000001,United Kingdom,overview,2020-07-03,40836,0,544,29
K02000001,United Kingdom,overview,2020-07-02,40807,0,576,43
K02000001,United Kingdom,overview,2020-07-01,40764,0,829,27
K02000001,United Kingdom,overview,2020-06-30,40737,0,689,47
K02000001,United Kingdom,overview,2020-06-29,40690,0,815,39
K02000001,United Kingdom,overview,2020-06-28,40651,0,901,45
K02000001,United Kingdom,overview,2020-06-27,40606,0,890,49
K02000001,United Kingdom,overview,2020-06-26,40557,0,1006,41
K02000001,United Kingdom,overview,2020-06-25,40516,0,1118,68
K02000001,United Kingdom,overview,2020-06-24,40448,0,653,74
K02000001,United Kingdom,overview,2020-06-23,40374,0,874,64
K02000001,United Kingdom,overview,2020-06-22,40310,0,958,64
K02000001,United Kingdom,overview,2020-06-21,40246,0,1221,54
K02000001,United Kingdom,overview,2020-06-20,40192,0,1295,60
K02000001,United Kingdom,overview,2020-06-19,40132,0,1346,52
K02000001,United Kingdom,overview,2020-06-18,40080,0,1218,61
K02000001,United Kingdom,overview,2020-06-17,40019,0,1115,59
K02000001,United Kingdom,overview,2020-06-16,39960,0,1279,84
K02000001,United Kingdom,overview,2020-06-15,39876,0,1056,70
K02000001,United Kingdom,overview,2020-06-14,39806,0,1514,86
K02000001,United Kingdom,overview,2020-06-13,39720,0,1425,62
K02000001,United Kingdom,overview,2020-06-12,39658,0,1541,80
K02000001,United Kingdom,overview,2020-06-11,39578,0,1266,80
K02000001,United Kingdom,overview,2020-06-10,39498,0,1003,109
K02000001,United Kingdom,overview,2020-06-09,39389,0,1387,90
K02000001,United Kingdom,overview,2020-06-08,39299,0,1205,125
K02000001,United Kingdom,overview,2020-06-07,39174,0,1326,128
K02000001,United Kingdom,overview,2020-06-06,39046,0,1557,110
K02000001,United Kingdom,overview,2020-06-05,38936,0,1650,123
K02000001,United Kingdom,overview,2020-06-04,38813,0,1805,134
K02000001,United Kingdom,overview,2020-06-03,38679,0,1871,155
K02000001,United Kingdom,overview,2020-06-02,38524,0,1613,168
K02000001,United Kingdom,overview,2020-06-01,38356,0,1570,134
K02000001,United Kingdom,overview,2020-05-31,38222,0,1936,127
K02000001,United Kingdom,overview,2020-05-30,38095,0,2445,163
K02000001,United Kingdom,overview,2020-05-29,37932,0,2095,186
K02000001,United Kingdom,overview,2020-05-28,37746,0,1887,217
K02000001,United Kingdom,overview,2020-05-27,37529,0,2013,197
K02000001,United Kingdom,overview,2020-05-26,37332,0,2004,214
K02000001,United Kingdom,overview,2020-05-25,37118,0,1625,200
K02000001,United Kingdom,overview,2020-05-24,36918,0,2409,196
K02000001,United Kingdom,overview,2020-05-23,36722,0,2959,220
K02000001,United Kingdom,overview,2020-05-22,36502,0,3287,223
K02000001,United Kingdom,overview,2020-05-21,36279,0,2615,238
K02000001,United Kingdom,overview,2020-05-20,36041,0,2472,268
K02000001,United Kingdom,overview,2020-05-19,35773,0,2412,275
K02000001,United Kingdom,overview,2020-05-18,35498,0,2684,293
K02000001,United Kingdom,overview,2020-05-17,35205,0,3562,267
K02000001,United Kingdom,overview,2020-05-16,34938,0,3451,314
K02000001,United Kingdom,overview,2020-05-15,34624,0,3560,314
K02000001,United Kingdom,overview,2020-05-14,34310,0,3446,334
K02000001,United Kingdom,overview,2020-05-13,33976,0,3242,317
K02000001,United Kingdom,overview,2020-05-12,33659,0,3403,321
K02000001,United Kingdom,overview,2020-05-11,33338,0,3877,309
K02000001,United Kingdom,overview,2020-05-10,33029,0,3923,348
K02000001,United Kingdom,overview,2020-05-09,32681,0,3896,378
K02000001,United Kingdom,overview,2020-05-08,32303,0,4649,383
K02000001,United Kingdom,overview,2020-05-07,31920,0,5614,461
K02000001,United Kingdom,overview,2020-05-06,31459,0,6111,459
K02000001,United Kingdom,overview,2020-05-05,31000,0,4406,465
K02000001,United Kingdom,overview,2020-05-04,30535,0,3985,484
K02000001,United Kingdom,overview,2020-05-03,30051,0,4339,450
K02000001,United Kingdom,overview,2020-05-02,29601,0,4806,494
K02000001,United Kingdom,overview,2020-05-01,29107,0,6201,568
K02000001,United Kingdom,overview,2020-04-30,28539,0,6032,551
K02000001,United Kingdom,overview,2020-04-29,27988,0,4076,572
K02000001,United Kingdom,overview,2020-04-28,27416,0,3996,560
K02000001,United Kingdom,overview,2020-04-27,26856,0,4310,594
K02000001,United Kingdom,overview,2020-04-26,26262,0,4463,633
K02000001,United Kingdom,overview,2020-04-25,25629,0,4913,647
K02000001,United Kingdom,overview,2020-04-24,24982,0,5386,683
K02000001,United Kingdom,overview,2020-04-23,24299,0,4583,678
K02000001,United Kingdom,overview,2020-04-22,23621,0,4451,731
K02000001,United Kingdom,overview,2020-04-21,22890,0,4301,745
K02000001,United Kingdom,overview,2020-04-20,22145,0,4676,783
K02000001,United Kingdom,overview,2020-04-19,21362,0,5850,769
K02000001,United Kingdom,overview,2020-04-18,20593,0,5526,800
K02000001,United Kingdom,overview,2020-04-17,19793,0,5599,819
K02000001,United Kingdom,overview,2020-04-16,18974,0,4618,844
K02000001,United Kingdom,overview,2020-04-15,18130,0,4605,878
K02000001,United Kingdom,overview,2020-04-14,17252,0,5252,857
K02000001,United Kingdom,overview,2020-04-13,16395,0,4342,896
K02000001,United Kingdom,overview,2020-04-12,15499,0,5288,958
K02000001,United Kingdom,overview,2020-04-11,14541,0,5234,956
K02000001,United Kingdom,overview,2020-04-10,13585,0,5706,944
K02000001,United Kingdom,overview,2020-04-09,12641,0,4675,1001
K02000001,United Kingdom,overview,2020-04-08,11640,0,5865,1076
K02000001,United Kingdom,overview,2020-04-07,10564,0,3888,999
K02000001,United Kingdom,overview,2020-04-06,9565,0,4143,895
K02000001,United Kingdom,overview,2020-04-05,8670,0,6199,917
K02000001,United Kingdom,overview,2020-04-04,7753,0,4000,906
K02000001,United Kingdom,overview,2020-04-03,6847,0,4672,840
K02000001,United Kingdom,overview,2020-04-02,6007,0,4522,806
K02000001,United Kingdom,overview,2020-04-01,5201,0,4567,769
K02000001,United Kingdom,overview,2020-03-31,4432,0,3250,661
K02000001,United Kingdom,overview,2020-03-30,3771,0,2665,591
K02000001,United Kingdom,overview,2020-03-29,3180,0,2502,506
K02000001,United Kingdom,overview,2020-03-28,2674,0,2556,436
K02000001,United Kingdom,overview,2020-03-27,2238,0,2890,398
K02000001,United Kingdom,overview,2020-03-26,1840,0,2129,362
K02000001,United Kingdom,overview,2020-03-25,1478,0,1452,303
K02000001,United Kingdom,overview,2020-03-24,1175,0,1427,237
K02000001,United Kingdom,overview,2020-03-23,938,0,967,186
K02000001,United Kingdom,overview,2020-03-22,752,0,665,164
K02000001,United Kingdom,overview,2020-03-21,588,0,1035,130
K02000001,United Kingdom,overview,2020-03-20,458,0,714,109
K02000001,United Kingdom,overview,2020-03-19,349,0,643,74
K02000001,United Kingdom,overview,2020-03-18,275,0,676,68
K02000001,United Kingdom,overview,2020-03-17,207,0,407,52
K02000001,United Kingdom,overview,2020-03-16,155,0,152,47
K02000001,United Kingdom,overview,2020-03-15,108,0,330,32
K02000001,United Kingdom,overview,2020-03-14,76,0,264,22
K02000001,United Kingdom,overview,2020-03-13,54,0,207,16
K02000001,United Kingdom,overview,2020-03-12,38,0,134,13
K02000001,United Kingdom,overview,2020-03-11,25,0,83,8
K02000001,United Kingdom,overview,2020-03-10,17,0,52,3
K02000001,United Kingdom,overview,2020-03-09,14,0,50,5
K02000001,United Kingdom,overview,2020-03-08,9,0,65,3
K02000001,United Kingdom,overview,2020-03-07,6,0,46,0
K02000001,United Kingdom,overview,2020-03-06,6,0,46,0
K02000001,United Kingdom,overview,2020-03-05,6,0,29,3
K02000001,United Kingdom,overview,2020-03-04,3,0,34,0
K02000001,United Kingdom,overview,2020-03-03,3,0,11,2
K02000001,United Kingdom,overview,2020-03-02,1,0,5,1
K02000001,United Kingdom,overview,2020-03-01,,0,12,0
K02000001,United Kingdom,overview,2020-02-29,,0,4,0
K02000001,United Kingdom,overview,2020-02-28,,0,6,0
K02000001,United Kingdom,overview,2020-02-27,,0,0,0
K02000001,United Kingdom,overview,2020-02-26,,0,0,0
K02000001,United Kingdom,overview,2020-02-25,,0,0,0
K02000001,United Kingdom,overview,2020-02-24,,0,4,0
K02000001,United Kingdom,overview,2020-02-23,,0,0,0
K02000001,United Kingdom,overview,2020-02-22,,0,0,0
K02000001,United Kingdom,overview,2020-02-21,,0,0,0
K02000001,United Kingdom,overview,2020-02-20,,0,0,0
K02000001,United Kingdom,overview,2020-02-19,,0,0,0
K02000001,United Kingdom,overview,2020-02-18,,0,0,0
K02000001,United Kingdom,overview,2020-02-17,,0,0,0
K02000001,United Kingdom,overview,2020-02-16,,0,0,0
K02000001,United Kingdom,overview,2020-02-15,,0,0,0
K02000001,United Kingdom,overview,2020-02-14,,0,0,0
K02000001,United Kingdom,overview,2020-02-13,,0,1,0
K02000001,United Kingdom,overview,2020-02-12,,0,0,0
K02000001,United Kingdom,overview,2020-02-11,,0,0,0
K02000001,United Kingdom,overview,2020-02-10,,0,4,0
K02000001,United Kingdom,overview,2020-02-09,,0,1,0
K02000001,United Kingdom,overview,2020-02-08,,0,0,0
K02000001,United Kingdom,overview,2020-02-07,,0,0,0
K02000001,United Kingdom,overview,2020-02-06,,0,1,0
K02000001,United Kingdom,overview,2020-02-05,,0,0,0
K02000001,United Kingdom,overview,2020-02-04,,0,0,0
K02000001,United Kingdom,overview,2020-02-03,,0,0,0
K02000001,United Kingdom,overview,2020-02-02,,0,0,0
K02000001,United Kingdom,overview,2020-02-01,,0,0,0
K02000001,United Kingdom,overview,2020-01-31,,0,2,0